{"stats":{"minecraft:picked_up":{"minecraft:dirt":3},"minecraft:used":{"minecraft:dirt":3},"minecraft:custom":{"minecraft:jump":53,"minecraft:time_since_rest":6611,"minecraft:leave_game":1,"minecraft:crouch_one_cm":3,"minecraft:sprint_one_cm":3865,"minecraft:play_time":6611,"minecraft:damage_taken":80,"minecraft:time_since_death":6611,"minecraft:walk_one_cm":5237,"minecraft:sneak_time":25,"minecraft:total_world_time":6611,"minecraft:fall_one_cm":1708,"minecraft:fly_one_cm":5459},"minecraft:mined":{"minecraft:grass_block":2,"minecraft:dirt":1}},"DataVersion":3465}